{"Discriminator Loss":0.01610054448246956,"Generator Loss":0.42972907423973083,"_wandb":{"runtime":41},"epoch":1,"_timestamp":1.7300572414963365e+09,"_runtime":33.875594593,"_step":0}