{"_wandb":{"runtime":67},"_timestamp":1.7302316520767436e+09,"_runtime":64.385667832,"_step":2,"Discriminator Loss":0.0005969267804175615,"Generator Loss":0.6801726818084717,"epoch":3}