{"Discriminator Loss":0.00022377673303708434,"Generator Loss":0.8022720217704773,"epoch":8,"_timestamp":1.7309088023632243e+09,"_wandb":{"runtime":555},"_runtime":510.595170362,"_step":7}