{"epoch":3,"_timestamp":1.7299783609687278e+09,"_runtime":56.008133634000004,"_step":2,"Discriminator Loss":0.014746496453881264,"Generator Loss":0.4279579222202301,"_wandb":{"runtime":71}}