{"Generator Loss":0.08772554993629456,"epoch":1,"_timestamp":1.7296821918558822e+09,"_runtime":11.619991326,"_step":0,"_wandb":{"runtime":11},"Discriminator Loss":0.09090074896812439}