{"_wandb":{"runtime":30},"Discriminator Loss":0.008510161191225052,"_step":2,"Predictive Score":0.09383116662502289,"epoch":1,"_runtime":30.667212945,"_timestamp":1.730059447578229e+09,"Discriminative Score":0.5,"Generator Loss":0.4978298544883728}