{"Generator Loss":0.24900586903095245,"epoch":50,"_timestamp":1.7299761200861378e+09,"_runtime":918.187053977,"_step":49,"_wandb":{"runtime":1553},"Discriminator Loss":0.1583373248577118}