{"epoch":1,"_timestamp":1.7302375957629437e+09,"_runtime":23.577687657,"_step":0,"_wandb":{"runtime":269},"Discriminator Loss":0.001645991113036871,"Generator Loss":0.5528032183647156}