{"_step":0,"_wandb":{"runtime":29},"Discriminator Loss":0.0020000264048576355,"Generator Loss":0.5418782830238342,"epoch":1,"_timestamp":1.730237879930318e+09,"_runtime":28.678340777}