{"_wandb":{"runtime":28},"Discriminator Loss":0.0050888461992144585,"_step":2,"_runtime":28.638481451,"Generator Loss":0.5419561266899109,"Discriminative Score":0.5,"epoch":1,"Predictive Score":0.33510202169418335,"_timestamp":1.730057664607559e+09}