{"_step":68,"Discriminator Loss":3.1981321626517456e-06,"Generator Loss":1.3638447523117065,"_wandb":{"runtime":1285},"epoch":69,"_timestamp":1.730235052151438e+09,"_runtime":1280.01987943}