{"Generator Loss":0.08987526595592499,"epoch":1,"_timestamp":1.7296823980100448e+09,"_runtime":9.875876842,"_step":0,"_wandb":{"runtime":9},"Discriminator Loss":0.08511890470981598}