{"epoch":119,"_timestamp":1.7302372585179641e+09,"_runtime":2147.989226294,"_step":118,"Discriminator Loss":4.592228890487604e-07,"Generator Loss":1.6066151857376099,"_wandb":{"runtime":2162}}