{"Discriminator Loss":0.07348252832889557,"Generator Loss":0.13756750524044037,"_wandb":{"runtime":96},"epoch":13,"_timestamp":1.7298863477305417e+09,"_runtime":92.214084701,"_step":12}