{"Discriminator Loss":1.7076254152925685e-06,"Generator Loss":1.4522055387496948,"epoch":76,"_timestamp":1.730129958702219e+09,"_runtime":2011.521957961,"_step":75,"_wandb":{"runtime":2024}}