{"Discriminator Loss":0.001748300390318036,"Generator Loss":0.540071427822113,"epoch":1,"_timestamp":1.7302374295571587e+09,"_wandb":{"runtime":160},"_runtime":25.465331553,"_step":0}