{"_timestamp":1.7302380096976392e+09,"_runtime":24.099151114,"_step":0,"_wandb":{"runtime":92},"Discriminator Loss":0.0021930548828095198,"Generator Loss":0.5246376991271973,"epoch":1}