{"_step":0,"_wandb":{"runtime":31},"Discriminator Loss":0.0811285525560379,"Generator Loss":0.10838189721107483,"epoch":1,"_timestamp":1.7299780706385188e+09,"_runtime":21.816553863}