{"Discriminator Loss":0.0020378585904836655,"Generator Loss":0.8966860771179199,"_wandb":{"runtime":5690},"epoch":210,"_timestamp":1.7300667228385942e+09,"_runtime":5684.94045561,"_step":209}