{"_runtime":1037.6285619,"_step":42,"_wandb":{"runtime":1055},"Discriminator Loss":-10.71170711517334,"Generator Loss":5.347845554351807,"epoch":43,"_timestamp":1.7302333178069124e+09}