{"Generator Loss":0.5811473727226257,"epoch":1,"_timestamp":1.730238444755292e+09,"_runtime":26.274259612,"_step":0,"Discriminator Loss":0.0014221719466149807,"_wandb":{"runtime":125}}