{"_timestamp":1.7302337246366224e+09,"_wandb":{"runtime":80},"_runtime":76.173386057,"_step":3,"Discriminator Loss":0.0004889671690762043,"Generator Loss":0.700629472732544,"epoch":4}