{"_runtime":18.414153328,"_wandb":{"runtime":23},"_step":1,"Discriminator Loss":0.0801875963807106,"Generator Loss":0.10742147266864777,"epoch":2,"_timestamp":1.7288221070050616e+09}