{"_timestamp":1.7288221858791611e+09,"_runtime":22.353504103,"_step":2,"Discriminative Score":0.5,"_wandb":{"runtime":22},"Discriminator Loss":0.08685767650604248,"Generator Loss":0.086817666888237,"epoch":2}