{"Discriminator Loss":0.0822070837020874,"Generator Loss":0.09010729193687439,"epoch":2,"_timestamp":1.728822061669009e+09,"_runtime":18.684577527,"_wandb":{"runtime":23},"_step":1}