{"_timestamp":1.7300605689416227e+09,"_runtime":161.723049924,"_step":5,"_wandb":{"runtime":185},"Discriminator Loss":0.05889938771724701,"Generator Loss":0.12719999253749847,"epoch":6}