{"_runtime":58.975037854,"_step":2,"_wandb":{"runtime":69},"Discriminator Loss":0.0888516902923584,"Generator Loss":0.09938729554414749,"epoch":3,"_timestamp":1.7299770760229068e+09}