{"Generator Loss":1.4353241920471191,"epoch":87,"_timestamp":1.7302416444917922e+09,"_runtime":2716.72828506,"_wandb":{"runtime":2727},"_step":86,"Discriminator Loss":1.6658864296914544e-06}