{"Discriminator Loss":9.886900807032362e-05,"Generator Loss":0.9037013053894043,"epoch":14,"_timestamp":1.7309098040749342e+09,"_wandb":{"runtime":881},"_runtime":871.189645351,"_step":13}