{"_runtime":5915.397361636,"_step":145,"_wandb":{"runtime":5937},"Discriminator Loss":1.526444748378708e-07,"Generator Loss":1.7901850938796997,"epoch":146,"_timestamp":1.7309783582886016e+09}