{"_timestamp":1.730127918962259e+09,"_runtime":642.877197093,"_step":20,"_wandb":{"runtime":656},"Discriminator Loss":4.766885831486434e-05,"Generator Loss":0.9971514940261841,"epoch":21}