{"_wandb":{"runtime":3762},"_step":124,"Discriminator Loss":4.111292923880683e-07,"Generator Loss":1.606394648551941,"epoch":125,"_timestamp":1.7300708535041907e+09,"_runtime":3755.540401392}