{"epoch":1,"_timestamp":1.7299772105108805e+09,"_runtime":20.699734265,"_step":0,"_wandb":{"runtime":23},"Discriminator Loss":0.08220300078392029,"Generator Loss":0.09569866210222244}